Date,Time,Technician,Lab,Plot,Seed sample,Humidity,Light,Temperature,Equipment Fault,Plants,Blossoms,Fruit,Min Height,Max Height,Median Height,Notes
2026-08-19,12:00,5,D,9,5,24.3,2.6,25.6,Yes,5,4,5,4.4,8,6,
2026-08-19,09:00,1,A,1,10,36.5,4.3,26.9,No,13,8,2,6.1,7.4,6.6,
2026-08-20,10:45,2,B,4,5,61.5,2.0,26.0,No,9,4,2,4.4,7.1,6.4,Routine measurement
2026-08-21,11:30,3,C,7,11,27.6,7.4,23.6,No,12,5,0,7.9,12.1,9.5,Good growth
2026-08-22,12:15,4,D,10,7,61.8,2.3,23.1,No,8,4,3,7.3,9.9,8.7,Checked and calibrated
2026-08-23,13:00,5,A,13,11,38.7,5.0,27.2,No,15,0,0,11.0,15.9,12.4,
2026-08-24,14:45,1,B,16,8,42.8,7.5,23.4,No,13,12,12,7.9,13.7,10.7,
2026-08-19,15:30,2,C,19,12,38.3,5.6,28.7,No,15,10,1,6.7,11.9,8.6,Routine measurement
2026-08-20,16:15,3,D,2,6,26.6,2.4,21.1,Yes,9,5,0,8.3,9.4,8.9,Good growth
2026-08-21,09:00,4,A,5,5,67.5,2.3,26.5,No,5,5,5,3.5,9.5,5.5,Checked and calibrated
2026-08-22,10:45,5,B,8,7,66.7,3.1,26.8,No,11,1,0,4.3,10.1,6.7,
2026-08-23,11:30,1,C,11,6,42.3,5.7,28.3,No,10,5,2,2.7,8.8,5.8,
2026-08-24,12:15,2,D,14,11,28.6,4.3,27.7,No,15,14,14,12.0,15.9,14.2,Routine measurement
2026-08-19,13:00,3,A,17,6,31.7,3.6,21.3,No,8,8,7,8.9,14.2,11.9,Good growth
2026-08-20,14:45,4,B,20,4,23.8,3.1,26.8,No,4,1,1,11.9,16.5,12.9,Checked and calibrated
2026-08-21,15:30,5,C,3,8,67.7,5.3,23.3,No,13,3,2,7.7,10.3,9.8,
2026-08-22,16:15,1,D,6,5,24.3,6.6,28.5,No,5,1,1,11.7,14.7,14.0,
2026-08-23,09:00,2,A,9,3,37.3,6.3,26.3,No,8,0,0,8.7,12.3,10.3,Routine measurement
2026-08-24,10:45,3,B,12,6,57.4,6.5,23.8,No,7,4,4,8.7,12.4,11.4,Good growth
2026-08-19,11:30,4,C,15,10,32.3,4.7,25.5,No,12,11,9,4.6,8.0,5.0,Checked and calibrated
2026-08-20,12:15,5,D,18,8,56.1,4.7,22.7,No,8,8,6,9.4,15.3,12.1,
2026-08-21,13:00,1,A,1,6,28.5,3.6,24.6,No,7,0,0,3.2,8.5,5.6,
2026-08-22,14:45,2,B,4,5,29.5,3.8,21.4,No,7,1,0,2.7,5.2,4.0,Routine measurement
2026-08-23,15:30,3,C,7,6,37.6,2.6,25.2,Yes,11,9,8,2.6,6.0,3.3,Good growth
2026-08-24,16:15,4,D,10,12,58.3,1.9,25.6,No,17,14,9,6.9,8.7,7.7,Checked and calibrated
2026-08-19,09:00,5,A,13,6,37.5,2.3,22.7,No,11,10,4,7.6,13.2,10.3,
2026-08-20,10:45,1,B,16,10,35.7,2.1,26.4,No,12,12,7,8.7,12.2,10.1,
2026-08-21,11:30,2,C,19,7,28.3,4.7,25.6,No,7,2,0,9.8,14.8,11.1,Routine measurement
2026-08-22,12:15,3,D,2,5,57.5,7.4,27.5,No,6,3,3,7.1,10.1,8.4,Good growth
2026-08-23,13:00,4,A,5,11,58.9,5.2,25.2,No,13,10,2,9.0,12.7,10.4,Checked and calibrated
2026-08-24,14:45,5,B,8,3,24.1,4.9,25.3,No,7,1,0,5.6,9.5,6.3,
